CL;;.CHILE;;;;;;;;
CL;ACH;Achao;Achao;LL;1-------;RN;0501;;4227S 07331W;
CL;ALG;Algarrobo;Algarrobo;VS;--3-----;RN;0501;;3322S 07140W;
CL;ALH;Alhué;Alhue;RM;--3-----;RN;0501;;3402S 07106W;
CL;ABB;Alto Bío Bío;Alto Bio Bio;BI;--3-----;RN;0501;;3843S 07108W;
CL;ADC;Alto del Carmen;Alto del Carmen;AT;--3-----;RN;0501;;2846S 07030W;
CL;ZUD;Ancud;Ancud;LL;1-34----;AI;0501;;4151S 07350W;
CL;AND;Andacollo;Andacollo;CO;--3-----;RN;0407;;3013S 07105W;
CL;ANG;Angol;Angol;AR;-23-----;RL;0407;;3748S 07243W;
CL;ANF;Antofagasta;Antofagasta;AN;1--4----;AI;0201;;2338S 07023W;
CL;ANT;Antuco;Antuco;BI;--3-----;RN;0501;;3720S 07141W;
CL;ARA;Arauco;Arauco;BI;1-3-----;RN;0501;;3715S 07319W;
CL;ARI;Arica;Arica;TA;1--4----;AI;0201;;1829S 07019W;
CL;AYA;Ayacara;Ayacara;LL;1-------;RN;0501;;4218S 07247W;
CL;BAG;Bahía San Gregorio;Bahia San Gregorio;MA;1-------;AI;0501;;5237S 07008W;
CL;BBA;Balmaceda;Balmaceda;AI;--34----;AI;0501;;4554S 07141W;
CL;BAR;Barquito;Barquito;AT;1-------;RL;0201;;2621S 07038W;
CL;BUI;Buin;Buin;RM;--3-----;RL;0201;;3344S 07045W;
CL;BUL;Bulnes;Bulnes;BI;--3-----;RN;0501;;3644S 07218W;
CL;CBD;Cabildo;Cabildo;VS;--3-----;RN;0501;;3225S 07108W;
CL;CHR;Cabo de Hornos;Cabo de Hornos;MA;1-------;RN;0501;;5558S 06712W;
CL;CNX;Cabo Negro;Cabo Negro;MA;1-------;AI;0207;;5258S 07051W;
CL;CAB;Cabrero;Cabrero;BI;-23-----;RL;0501;;3702S 07224W;
CL;CJC;Calama;Calama;AN;-234----;AI;0501;;2227S 06855W;
CL;CBC;Calbuco;Calbuco;LL;1-3-----;RL;0501;;4145S 07308W;
CL;CLD;Caldera;Caldera;AT;1-------;AI;0201;;2702S 07048W;
CL;CAA;Calderilla;Calderilla;AT;123-----;RN;0501;;2705S 07051W;
CL;CDT;Calera de Tango;Calera de Tango;RM;--3-----;RN;0501;;3337S 07048W;
CL;CLR;Caleta Clarencia;Caleta Clarencia;MA;1-------;AI;0201;;5253S 07006W;
CL;COL;Caleta Coloso;Caleta Coloso;AN;1-------;RL;0207;;2345S 07028W;
CL;CAL;Caleta Patillos;Caleta Patillos;TA;1-------;XX;0701;;2045S 07011W;cf CL PTI
CL;CLL;Calle Larga;Calle Larga;VS;--3-----;RN;0501;;3251S 07038W;
CL;CAM;Camarones;Camarones;TA;--3-----;RN;0407;;1901S 06952W;
CL;CMA;Camiña;Camina;TA;--3-----;RN;0407;;2029S 06922W;
CL;CAN;Canela;Canela;CO;--3-----;RN;0407;;3124S 07127W;
CL;CTE;Cañete;Canete;BI;--3-----;RN;0501;;3748S 07324W;
CL;CAR;Carahue;Carahue;AR;-23-----;RN;0501;;3842S 07310W;
CL;CRH;Carahue;Carahue;LL;1-3-----;RN;0501;;4300S 07333W;
CL;CGN;Cartagena;Cartagena;VS;--3-----;RN;0501;;3333S 07136W;
CL;CAS;Casablanca;Casablanca;VS;--3-----;RL;0201;;3319S 07124W;Valparaiso
CL;WCA;Castro;Castro;LL;1-34----;AI;0501;;4228S 07346W;
CL;CAT;Catemu;Catemu;VS;--3-----;RN;0501;;3238S 07102W;
CL;CAU;Cauquenes;Cauquenes;ML;--3-----;RN;0501;;3558S 07221W;
CL;CNV;Cerro Navia;Cerro Navia;RM;--3-----;RN;0501;;3325S 07043W;
CL;CHB;Chacabuco;Chacabuco;AI;1-------;AI;0201;;4529S 07249W;
CL;CCA;Chacao;Chacao;LL;1-3-----;RN;0501;;4150S 07332W;
CL;WCH;Chaitén;Chaiten;LL;1--4----;AI;0501;;4255S 07242W;
CL;CNR;Chañaral;Chanaral;AT;1234----;AI;0307;;2621S 07037W;
CL;CHA;Chanco;Chanco;ML;--3-----;RN;0501;;3544S 07232W;
CL;CHE;Chépica;Chepica;LI;--3-----;RN;0501;;3444S 07117W;
CL;CHI;Chiguayante;Chiguayante;BI;123-----;RN;0501;;3655S 07301W;
CL;CCH;Chile Chico;Chile Chico;AI;--3-----;AI;0501;;4633S 07144W;
CL;YAI;Chillán;Chillan;BI;-234----;AI;0201;;3636S 07206W;
CL;CHV;Chillán Viejo;Chillan Viejo;BI;--3-----;RN;0501;;3637S 07208W;
CL;CBG;Chimbarongo;Chimbarongo;LI;--3-----;RN;0501;;3442S 07103W;
CL;CHL;Cholchol;Cholchol;AR;--3-----;RN;0501;;3836S 07251W;
CL;CHO;Chonchi;Chonchi;LL;1-3-----;RN;0501;;4236S 07348W;
CL;CHU;Chuquicamata;Chuquicamata;AN;--3-----;RL;0307;QUI;2219S 06856W;
CL;CBQ;Cobquecura;Cobquecura;BI;--3-----;RN;0501;;3608S 07247W;
CL;CMO;Cochamó;Cochamo;LL;--3-----;RN;0501;;4130S 07219W;
CL;COC;Cochrane;Cochrane;AI;--3-----;RN;0501;LGR;4716S 07233W;
CL;COD;Codegua;Codegua;LI;--3-----;RN;0501;;3402S 07040W;
CL;COE;Coelemu;Coelemu;BI;--3-----;RN;0501;;3629S 07242W;
CL;COI;Coihueco;Coihueco;BI;--3-----;RN;0501;;3637S 07150W;
CL;COO;Coinco;Coinco;LI;--3-----;RN;0501;;3416S 07058W;
CL;COB;Colbún;Colbun;ML;--3-----;RL;0407;;3542S 07125W;
CL;CNE;Colchane;Colchane;TA;--3-----;RN;0407;;1942S 06853W;
CL;CLN;Colina;Colina;RM;-23-----;RN;0501;;3312S 07041W;
CL;CPI;Collipulli;Collipulli;AR;-23-----;RN;0501;;3757S 07226W;
CL;CTC;Coltauco;Coltauco;LI;--3-----;RN;0501;;3418S 07106W;
CL;CBB;Combarbalá;Combarbala;CO;--3-----;RN;0407;;3110S 07100W;
CL;CCP;Concepción;Concepcion;BI;12345---;AI;0501;;3649S 07303W;
CL;CLI;Conchalí;Conchali;RM;--3-----;RN;0501;;3321S 07037W;
CL;CON;Concón;Concon;VS;--3-----;RL;0501;;3255S 07131W;
CL;CST;Constitución;Constitucion;ML;1-3-----;RN;0501;;3520S 07225W;
CL;CTM;Contulmo;Contulmo;BI;--3-----;RN;0501;;3800S 07314W;
CL;CPO;Copiapó;Copiapo;AT;1--4----;AI;0201;;2721S 07020W;
CL;CQQ;Coquimbo;Coquimbo;CO;1-------;AI;0201;;2958S 07120W;
CL;CNL;Coronel;Coronel;BI;123-----;AI;0501;;3701S 07309W;
CL;CRR;Corral;Corral;LL;1-34----;AI;0501;;3952S 07326W;
CL;CXQ;Coyhaique;Coyhaique;AI;--34----;RL;0501;;4534S 07203W;
CL;CGR;Cruz Grande;Cruz Grande;CO;1-------;RL;0207;;2927S 07118W;
CL;CUN;Cunco;Cunco;AR;-23-----;RN;0501;;3855S 07202W;
CL;CCN;Curacautín;Curacautin;AR;-23-----;RN;0501;;3826S 07153W;
CL;CRV;Curacaví;Curacavi;RM;--3-----;RN;0501;;3324S 07109W;
CL;CDV;Curaco de Vélez;Curaco de Velez;LL;1-------;RN;0501;;4226S 07334W;
CL;CRN;Curanilahue;Curanilahue;BI;--3-----;RN;0501;;3728S 07321W;
CL;CRE;Curarrehue;Curarrehue;AR;--3-----;RN;0501;;3921S 07135W;
CL;CRT;Curepto;Curepto;ML;--3-----;RN;0501;;3505S 07201W;
CL;CUR;Curicó;Curico;ML;-23-----;RL;0501;ZCQ;3458S 07114W;
CL;DCH;Dalcahue;Dalcahue;LL;1-3-----;RL;0201;;4223S 07340W;
CL;DDA;Diego de Almagro;Diego de Almagro;AT;--3-----;RN;0407;;2622S 07003W;
CL;DOH;Doñihue;Donihue;LI;--3-----;RN;0501;;3414S 07058W;
CL;;Easter Island = Isla de Pascua;Easter Island = Isla de Pascua;;;;;;;
CL;ELB;El Bosque;El Bosque;RM;--3-----;RN;0501;;3334S 07042W;
CL;ELC;El Carmen;El Carmen;BI;--3-----;RN;0501;;3654S 07202W;
CL;ELM;El Monte;El Monte;RM;--3-----;RN;0501;;3341S 07101W;
CL;ELQ;El Quisco;El Quisco;VS;--3-----;RN;0501;;3324S 07142W;
CL;ESR;El Salvador;El Salvador;AT;---4----;AI;0201;;2616S 06935W;
CL;ELT;El Tabo;El Tabo;VS;--3-----;RN;0501;;3327S 07140W;
CL;EMP;Empedrado;Empedrado;ML;--3-----;RN;0501;;3536S 07217W;
CL;ERC;Ercilla;Ercilla;AR;-23-----;RN;0501;;3803S 07223W;
CL;ECT;Estación Central;Estacion Central;RM;-23-----;RN;0501;;3327N 07040W;
CL;FLO;Florida;Florida;BI;--3-----;RN;0501;;3649S 07240W;
CL;FRE;Freire;Freire;AR;-23-----;RN;0501;;3857S 07238W;
CL;FRN;Freirina;Freirina;AT;-23-----;RN;0407;;2830S 07104W;
CL;FRS;Fresia;Fresia;LL;-23-----;RN;0501;;4109S 07327W;
CL;FRT;Frutillar;Frutillar;LL;--3-----;RN;0501;;4107S 07306W;
CL;FFU;Futaleufú;Futaleufu;LL;--34----;RN;0501;;4310S 07150W;
CL;FUT;Futrono;Futrono;LL;--3-----;RN;0501;;4008S 07224W;
CL;GAL;Galvarino;Galvarino;AR;-23-----;RN;0501;;3824S 07247W;
CL;GIO;Gatico;Gatico;AN;--3-----;RL;0201;;2230S 07014W;
CL;GLG;General Lagos;General Lagos;TA;-23-----;RN;0407;;1739S 06938W;
CL;GOR;Gorbea;Gorbea;AR;-23-----;RL;0407;;3906S 07241W;
CL;GRA;Graneros;Graneros;LI;--3-----;RN;0501;;3404S 07044W;
CL;GUA;Guaitecas;Guaitecas;AI;1-------;RN;0501;;4344S 07354W;
CL;GYC;Guayacán;Guayacan;CO;1-------;AI;0201;;2959S 07122W;
CL;HIJ;Hijuelas;Hijuelas;VS;--3-----;RN;0501;;3248S 07110W;
CL;HPO;Huachipato;Huachipato;BI;--3-----;RL;0507;;3644S 07307W;
CL;HUH;Hualaihué;Hualaihue;LL;1-3-----;RN;0501;;4201S 07241W;
CL;HLE;Hualañé;Hualane;ML;--3-----;RN;0501;;3459S 07149W;
CL;HPN;Hualpén;Hualpen;BI;--3-----;RN;0501;;3647S 07307W;
CL;HQI;Hualqui;Hualqui;BI;--3-----;RN;0501;;3658S 07256W;
CL;HUA;Huara;Huara;TA;--3-----;RN;0407;;1959S 06947W;
CL;HSO;Huasco;Huasco;AT;1-------;AI;0201;;2827S 07113W;
CL;HUE;Huechuraba;Huechuraba;RM;--3-----;RN;0501;;3321S 07040W;
CL;RHU;Hurtado;Hurtado;CO;--3-----;RN;0407;;3017S 07042W;
CL;ILL;Illapel;Illapel;CO;--3-----;RN;0407;;3137S 07109W;
CL;IND;Independencia;Independencia;RM;--3-----;RN;0501;;3325S 07040W;
CL;IQQ;Iquique;Iquique;TA;1--4----;AI;0201;;2013S 07008W;
CL;IDM;Isla de Maipo;Isla de Maipo;RM;--3-----;RN;0501;;3345S 07054W;
CL;IPC;Isla de Pascua;Isla de Pascua;VS;1--4----;AI;0201;;2709S 10925W;
CL;GUR;Isla Guarello;Isla Guarello;MA;1-------;XX;0701;;5240S 07341W;cf CL ISG
CL;ISG;Isla Guarello;Isla Guarello;MA;1-------;AI;0701;;5240S 07341W;@Sub@Coo
CL;JFZ;Juan Fernández;Juan Fernandez;VS;1-------;RN;0501;;3340S 07947W;
CL;LCL;La Calera;La Calera;VS;-23-----;RL;0201;;3247S 07111W;
CL;LCI;La Cisterna;La Cisterna;RM;--3-----;RN;0501;;3333S 07041W;
CL;LCZ;La Cruz;La Cruz;VS;--3-----;RN;0501;;3250S 07114W;
CL;LES;La Estrella;La Estrella;LI;--3-----;RN;0501;;3412S 07140W;
CL;LFL;La Florida;La Florida;RM;--3-----;RN;0501;;3333S 07034W;
CL;LGJ;La Granja;La Granja;RM;--3-----;RN;0501;;3335S 07035W;
CL;LAH;La Higuera;La Higuera;CO;--3-----;RN;0407;;2940S 07100W;
CL;LAJ;La Laja;La Laja;BI;--3-----;RN;0501;;3716S 07242W;
CL;LIG;La Ligua;La Ligua;VS;--3-----;RN;0501;;3227S 07113W;
CL;LPI;La Pintana;La Pintana;RM;--3-----;RN;0501;;3332S 07035W;
CL;REI;La Reina;La Reina;RM;--3-----;RN;0501;;3327S 07033W;
CL;LSC;La Serena;La Serena;CO;1--4----;AI;0201;;2953S 07114W;
CL;LUN;La Unión;La Union;LL;-23-----;RN;0501;;4017S 07305W;
CL;RNC;Lago Ranco;Lago Ranco;LL;-23-----;RN;0501;;4019S 07230W;
CL;LVD;Lago Verde;Lago Verde;AI;--3-----;RN;0501;;4414S 07150W;
CL;LBL;Laguna Blanca;Laguna Blanca;MA;--3-----;RN;0501;;;
CL;LAM;Lampa;Lampa;RM;--3-----;RN;0501;;3317S 07054W;
CL;LAN;Lanco;Lanco;LL;-23-----;RN;0501;;3927S 07247W;
CL;LCB;Las Cabras;Las Cabras;LI;-23-----;RN;0501;;3418S 07119W;
CL;LCO;Las Condes;Las Condes;RM;--3-----;RN;0501;;3322S 07031W;
CL;LAU;Lautaro;Lautaro;AR;-23-----;RN;0501;;3831S 07227W;
CL;LEB;Lebu;Lebu;BI;123-----;RL;0501;;3736S 07339W;
CL;LIC;Licantén;Licanten;ML;--3-----;RN;0501;;3459S 07200W;
CL;LIM;Limache;Limache;VS;-23-----;RN;0501;;3259S 07117W;
CL;LIN;Linares;Linares;ML;-23-----;RL;0407;ZLR;3551S 07136W;
CL;LQN;Lirquén;Lirquen;BI;123-----;AI;0501;;3642S 07259W;
CL;LIT;Litueche;Litueche;LI;--3-----;RN;0501;;3411S 07140W;
CL;LLA;Llaillay;Llaillay;VS;-23-----;RN;0501;;3251S 07058W;
CL;LIA;Llanquihue;Llanquihue;LL;123-----;RL;0501;;4115S 07300W;
CL;LLI;Llico;Llico;BI;1-3-----;RN;0501;;3712S 07334W;
CL;LBA;Lo Barnechea;Lo Barnechea;RM;--3-----;RN;0501;;3321S 07031W;
CL;LEJ;Lo Espejo;Lo Espejo;RM;--3-----;RN;0501;;3332S 07043W;
CL;LPR;Lo Prado;Lo Prado;RM;--3-----;RN;0501;;3326S 07044W;
CL;LOL;Lolol;Lolol;LI;--3-----;RN;0501;;3444S 07139W;
CL;LNC;Loncoche;Loncoche;AR;-23-----;RL;0501;;3923S 07244W;
CL;LON;Longaví;Longavi;ML;--3-----;RN;0501;;3558S 07141W;
CL;LQY;Lonquimay;Lonquimay;AR;--3-----;RN;0501;;3826S 07114W;
CL;LAL;Los Álamos;Los Alamos;BI;--3-----;RN;0501;;3737S 07328W;
CL;LND;Los Andes;Los Andes;VS;-23-----;RL;0501;;3249S 07035W;
CL;LSQ;Los Ángeles;Los Angeles;BI;-234----;RL;0212;;3727S 07221W;
CL;ULC;Los Cerrillos Apt/Santiago;Los Cerrillos Apt/Santiago;RM;--34----;RL;0207;;3329S 07041W;
CL;LLG;Los Lagos;Los Lagos;LL;-23-----;RN;0501;;3951S 07250W;
CL;LMU;Los Muermos;Los Muermos;LL;-23-----;RN;0501;;4124S 07329W;
CL;LSA;Los Sauces;Los Sauces;AR;-23-----;RN;0501;;3758S 07250W;
CL;LVT;Los Vientos;Los Vientos;AN;123-----;RL;0207;;2441S 06946W;
CL;LOS;Los Vilos;Los Vilos;CO;1-------;RL;0201;;3154S 07130W;
CL;LTA;Lota;Lota;BI;1-3-----;AI;0501;;3705S 07309W;
CL;LUM;Lumaco;Lumaco;AR;-23-----;RN;0501;;3809S 07255W;
CL;MCI;Machalí;Machali;LI;--3-----;RN;0501;;3411S 07040W;
CL;MAC;Macul;Macul;RM;--3-----;RN;0501;;3330S 07034W;
CL;MAF;Máfil;Mafil;LL;-23-----;RN;0501;;3939S 07257W;
CL;MAI;Maipú;Maipu;RM;--3-----;RN;0501;;3331S 07046W;
CL;MAL;Malloa;Malloa;LI;-23-----;RN;0501;;3427S 07057W;
CL;MAR;Marchihue;Marchihue;LI;--3-----;RN;0501;;3424S 07138W;
CL;MAE;María Elena;Maria Elena;AN;--3-----;RN;0407;;2221S 06940W;
CL;MPI;María Pinto;Maria Pinto;RM;--3-----;RN;0501;;3332S 07108W;
CL;MRQ;Mariquina;Mariquina;LL;-23-----;RN;0501;;4008S 07220W;
CL;MAU;Maule;Maule;ML;--3-----;RN;0501;;3532S 07142W;
CL;MLL;Maullín;Maullin;LL;1-3-----;RN;0501;;4137S 07335W;
CL;MJS;Mejillones;Mejillones;AN;1-------;AI;0201;;2306S 07027W;
CL;MLI;Melinka;Melinka;LL;1-3-----;RN;0501;;4352S 07345W;
CL;MLP;Melipeuco;Melipeuco;AR;--3-----;RN;0501;;3851S 07142W;
CL;MEL;Melipilla;Melipilla;RM;--3-----;RL;0201;;3341S 07113W;
CL;MIC;Michilla;Michilla;AN;1-3-----;RN;0501;;2244S 07016W;
CL;MOL;Molina;Molina;ML;-23-----;RN;0501;;3507S 07117W;
CL;MTP;Monte Patria;Monte Patria;CO;--3-----;RN;0407;;3041S 07056W;
CL;MUL;Mulchén;Mulchen;BI;--3-----;RN;0501;;3743S 07214W;
CL;NAC;Nacimiento;Nacimiento;BI;--3-----;RN;0501;;3730S 07240W;
CL;NAN;Nancahua;Nancahua;LI;-23-----;RN;0501;;3438S 07112W;
CL;NAV;Navidad;Navidad;LI;--3-----;RN;0501;;;
CL;NEG;Negrete;Negrete;BI;--3-----;RN;0501;;3735S 07231W;
CL;NBL;Niebla;Niebla;LL;-23-----;RL;0201;;3951S 07323W;
CL;NIN;Ninhue;Ninhue;BI;--3-----;RN;0501;;3624S 07224W;
CL;NQN;Ñiquén;Niquen;BI;-23-----;RN;0501;;3614S 07204W;
CL;NOG;Nogales;Nogales;VS;--3-----;RN;0501;;3244S 07115W;
CL;NIM;Nueva Imperial;Nueva Imperial;AR;-23-----;RN;0501;;3844S 07257W;
CL;NUN;Ñuñoa;Nunoa;RM;--3-----;RN;0501;;3328S 07036W;
CL;OHI;O'Higgins;O'Higgins;AI;1-------;RN;0501;;;
CL;OLI;Olivar;Olivar;LI;-23-----;RN;0501;;3414S 07053W;
CL;OLL;Ollagüe;Ollague;AN;-23-----;RN;0407;;2114S 06816W;
CL;OLM;Olmué;Olmue;VS;--3-----;RN;0501;;3300S 07112W;
CL;ZOS;Osorno;Osorno;LL;1234----;AI;0501;;4034S 07309W;
CL;OVL;Ovalle;Ovalle;CO;1--4----;AI;0201;;3035S 07112W;
CL;PHU;Padre Hurtado;Padre Hurtado;RM;--3-----;RN;0501;;3334S 07050W;
CL;PLC;Padre Las Casas;Padre Las Casas;AR;-23-----;RN;0501;;3846S 07236W;
CL;PAI;Paiguano;Paiguano;CO;--3-----;RN;0407;;3001S 07032W;
CL;PAO;Paillaco;Paillaco;LL;-23-----;RN;0501;;4004S 07253W;
CL;PNE;Paine;Paine;RM;--3-----;RN;0501;;3349S 07045W;
CL;PAL;Palena;Palena;LL;--3-----;RN;0501;;4337S 07148W;
CL;PMA;Palmilla;Palmilla;LI;-23-----;RN;0501;;3436S 07122W;
CL;PAN;Panguipulli;Panguipulli;LL;123-----;RN;0501;;3938S 07220W;
CL;PQH;Panquehue;Panquehue;VS;--3-----;RN;0501;;3248S 07050W;
CL;PAP;Papudo;Papudo;VS;--3-----;RN;0501;;3231S 07127W;
CL;PAR;Paredones;Paredones;LI;--3-----;RN;0501;;3439S 07155W;
CL;PGA;Pargua;Pargua;LL;1-3-----;RN;0501;;4148S 07326W;
CL;PRL;Parral;Parral;ML;--3-----;RN;0501;;3609S 07150W;
CL;PTI;Patillos;Patillos;TA;1-------;AI;0701;;2045S 07011W;@Sub@Coo
CL;PAC;Pedro Aguirre Cerda;Pedro Aguirre Cerda;RM;--3-----;RN;0501;;3328S 07040W;
CL;PEL;Pelarco;Pelarco;ML;--3-----;RN;0501;;3523S 07127W;
CL;PLH;Pelluhue;Pelluhue;ML;--3-----;RN;0501;;;
CL;PEM;Pemuco;Pemuco;BI;--3-----;RN;0501;;3658S 07206W;
CL;PFL;Peñaflor;Penaflor;RM;--3-----;RN;0501;;3337S 07055W;
CL;PLN;Peñalolén;Penalolen;RM;--3-----;RN;0501;;3329S 07032W;
CL;PEN;Pencahue;Pencahue;ML;-23-----;RN;0501;;3524S 07149W;
CL;PEO;Penco;Penco;BI;123-----;AI;0501;;3643S 07259W;
CL;PER;Peralillo;Peralillo;LI;-23-----;RN;0501;;3428S 07129W;
CL;PQC;Perquenco;Perquenco;AR;-23-----;RN;0501;;3825S 07223W;
CL;PET;Petorca;Petorca;VS;--3-----;RN;0501;;3215S 07056W;
CL;PEU;Peumo;Peumo;LI;--3-----;RN;0501;;3424S 07110W;
CL;PIC;Pica;Pica;TA;--3-----;RN;0407;;2030S 06921W;
CL;PDH;Pichidegua;Pichidegua;LI;--3-----;RN;0501;;3421S 07118W;
CL;PLM;Pichilemu;Pichilemu;LI;--3-----;RN;0501;;3423S 07200W;
CL;PIN;Pinto;Pinto;BI;--3-----;RN;0501;;3642S 07154W;
CL;PIR;Pirque;Pirque;RM;--3-----;RN;0501;;3338S 07033W;
CL;PIS;Pisagua;Pisagua;TA;1-------;RL;0201;;1936S 07012W;
CL;PIT;Pitrufquén;Pitrufquen;AR;-23-----;RN;0501;;3859S 07239W;
CL;PLA;Placilla;Placilla;LI;--3-----;RN;0501;;3438S 07107W;
CL;PLL;Placilla;Placilla;VS;--3-----;RL;0207;;3306S 07135W;Valparaiso
CL;PAQ;Placilla - Valparaiso;Placilla - Valparaiso;VS;--3-----;RL;0201;;3226S 07118W;
CL;POR;Portezuelo;Portezuelo;BI;--3-----;RN;0501;;3632S 07226W;
CL;POS;Posesión;Posesion;CO;1-3-----;RN;0501;;2954S 07004W;
CL;POZ;Pozo Almonte;Pozo Almonte;TA;--3-----;RN;0407;;2016S 06948W;
CL;PRI;Primavera;Primavera;MA;--3-----;RN;0501;;;
CL;PRO;Providencia;Providencia;RM;--3-----;RN;0501;QOV;3326S 07037W;
CL;PCI;Puchuncaví;Puchuncavi;VS;--3-----;RN;0501;;3243S 07124W;
CL;PUD;Pudahuel;Pudahuel;RM;--3-----;RN;0501;;3323S 07046W;
CL;PTA;Puente Alto;Puente Alto;RM;--3-----;RN;0501;;3337S 07035W;
CL;PNG;Puente Negro;Puente Negro;LI;--3-----;RL;0507;;3440S 07053W;
CL;WPA;Puerto Aisén;Puerto Aisen;AI;1--4----;AI;0201;;4523S 07242W;
CL;PAG;Puerto Angamos;Puerto Angamos;AN;123-----;RL;0507;;2305S 07027W;
CL;PCH;Puerto Chacabuco;Puerto Chacabuco;AI;1-3-----;RL;0201;;4529S 07250W;
CL;CIS;Puerto Cisnes;Puerto Cisnes;AI;1-3-----;RN;0501;;4444S 07242W;
CL;EDE;Puerto Edén;Puerto Eden;MA;1-------;RL;0507;;4909S 07427W;
CL;PMC;Puerto Montt;Puerto Montt;LL;1234----;AI;0501;;4128S 07257W;
CL;PNT;Puerto Natales;Puerto Natales;MA;1-34----;AI;0501;;5143S 07230W;
CL;POC;Puerto Octay;Puerto Octay;LL;1-3-----;RN;0501;;4058S 07254W;
CL;PAT;Puerto Patache;Puerto Patache;TA;1-------;RL;0407;;2048S 07012W;
CL;PPY;Puerto Percy;Puerto Percy;MA;1-------;AI;0207;;5254S 07016W;
CL;PVS;Puerto Varas;Puerto Varas;LL;123-----;RN;0501;PUX;4119S 07259W;
CL;WPU;Puerto Williams;Puerto Williams;MA;1--4----;AI;0201;;5455S 06737W;
CL;PUM;Pumanque;Pumanque;LI;--3-----;RN;0501;;3436S 07140W;
CL;PUN;Punitaqui;Punitaqui;CO;--3-----;RN;0407;;3054S 07116W;
CL;PUQ;Punta Arenas;Punta Arenas;MA;1-34----;AI;0501;;5308S 07056W;
CL;PTC;Punta Chungo;Punta Chungo;CO;123-----;RL;0207;;3152S 07130W;
CL;PQD;Puqueldón;Puqueldon;LL;1-------;RN;0501;;4235S 07338W;
CL;PUR;Purén;Puren;AR;-23-----;RN;0501;;3801S 07305W;
CL;PRQ;Purranque;Purranque;LL;-23-----;RN;0501;;4055S 07310W;
CL;PTO;Putaendo;Putaendo;VS;-23-----;RN;0501;;3238S 07044W;
CL;PUT;Putre;Putre;TA;--3-----;RN;0407;;1812S 06935W;
CL;PYH;Puyehue;Puyehue;LL;-23-----;RN;0501;;4040S 07237W;
CL;QLN;Queilén;Queilen;LL;1-3-----;RN;0501;;4252S 07328W;
CL;PTE;Quellón (Puerto Quellón);Quellon (Puerto Quellon);LL;1-3-----;RL;0501;;4306S 07337W;
CL;QUV;Quellón Viejo;Quellon Viejo;LL;1-3-----;RL;0201;;4308S 07340W;
CL;QMC;Quemchi;Quemchi;LL;1-3-----;AI;0501;;4208S 07329W;
CL;QLA;Quilaco;Quilaco;BI;--3-----;RN;0501;;3740S 07159W;
CL;QUI;Quilicura;Quilicura;RM;-23-----;RL;0407;;3322S 07045W;
CL;QLO;Quilleco;Quilleco;BI;--3-----;RN;0501;;3728S 07158W;
CL;QIN;Quillón;Quillon;BI;--3-----;RN;0501;;3644S 07228W;
CL;QTA;Quillota;Quillota;VS;-23-----;RN;0501;;3253S 07116W;
CL;QIL;Quilpué;Quilpue;VS;-23-----;RL;0401;;3302S 07126W;
CL;QCO;Quinchao;Quinchao;LL;1-------;RN;0501;;4231S 07324W;
CL;QDT;Quinta de Tilcoco;Quinta de Tilcoco;LI;--3-----;RN;0501;;3421S 07059W;
CL;QNO;Quinta Normal;Quinta Normal;RM;--3-----;RN;0501;;3327S 07042W;
CL;QTV;Quintero;Quintero;VS;1-3-----;AI;0501;;3246S 07132W;
CL;QRH;Quirihue;Quirihue;BI;--3-----;RN;0501;;3617S 07232W;
CL;QRC;Rancagua;Rancagua;LI;-234----;AI;0501;;3409S 07043W;
CL;RAN;Ránquil;Ranquil;BI;--3-----;RN;0501;;3639S 07233W;
CL;RAF;Rauco;Rauco;LL;1-3-----;RN;0501;;4232S 07347W;
CL;RAU;Rauco;Rauco;ML;--3-----;RN;0501;;3456S 07119W;
CL;REC;Recoleta;Recoleta;RM;--3-----;RN;0501;;3325S 07039W;
CL;RNO;Renaico;Renaico;AR;-23-----;RN;0501;;3740S 07235W;
CL;REN;Renca;Renca;RM;--3-----;RN;0501;;3324S 07044W;
CL;RGO;Rengo;Rengo;LI;--3-----;RN;0501;;3425S 07052W;
CL;REQ;Requínoa;Requinoa;LI;-23-----;RN;0507;;3417S 07050W;
CL;RET;Retiro;Retiro;ML;--3-----;RN;0501;;3603S 07146W;
CL;RIN;Rinconada de Los Andes;Rinconada de Los Andes;VS;--3-----;RN;0501;;3249S 07042W;
CL;RBU;Río Bueno;Rio Bueno;LL;-23-----;RN;0501;;4019S 07258W;
CL;RCL;Río Claro;Rio Claro;ML;--3-----;RN;0501;;3513S 07115W;
CL;RIB;Río Ibáñez;Rio Ibanez;AI;--3-----;RN;0501;;4618S 07157W;
CL;RNE;Río Negro;Rio Negro;LL;-23-----;RN;0501;;4047S 07314W;
CL;RVE;Río Verde;Rio Verde;MA;--3-----;RN;0501;;;
CL;RSD;Rocas de Santo Domingo;Rocas de Santo Domingo;VS;--3-----;RL;0501;;3338S 07137W;
CL;ROM;Romeral;Romeral;ML;--3-----;RN;0501;;3458S 07108W;
CL;SAA;Saavedra;Saavedra;AR;1-3-----;RN;0501;;3847S 07324W;
CL;SAF;Sagrada Familia;Sagrada Familia;ML;--3-----;RN;0501;;3500S 07123W;
CL;SAL;Salamanca;Salamanca;CO;--3-----;RN;0407;;3146S 07058W;
CL;SAI;San Antonio;San Antonio;VS;123-----;AI;0501;;3336S 07136W;
CL;SBD;San Bernardo;San Bernardo;RM;-23-----;RN;0501;;3336S 07043W;
CL;SCR;San Carlos;San Carlos;BI;-23-----;RL;0501;;3625S 07158W;
CL;SCT;San Clemente;San Clemente;ML;--3-----;RN;0501;;3533S 07129W;
CL;SES;San Esteban;San Esteban;VS;--3-----;RN;0501;;3248S 07035W;
CL;SFN;San Fabián;San Fabian;BI;--3-----;RN;0501;;;
CL;SFP;San Felipe;San Felipe;VS;--3-----;RL;0201;;3245S 07043W;
CL;SFD;San Fernando;San Fernando;LI;-23-----;RN;0501;;3435S 07058W;
CL;MOS;San Francisco de Mostazal;San Francisco de Mostazal;LI;-23-----;RN;0501;;3359S 07043W;
CL;SGR;San Gregorio;San Gregorio;MA;--3-----;RL;0501;;5234S 07004W;
CL;SIN;San Ignacio;San Ignacio;BI;--3-----;RN;0501;;3648S 07202W;
CL;SJV;San Javier;San Javier;ML;--3-----;RN;0501;;3536S 07145W;
CL;SJQ;San Joaquín;San Joaquin;RM;--3-----;RN;0501;;3330S 07037W;
CL;SJM;San José de Maipo;San Jose de Maipo;RM;--3-----;RN;0501;;3338S 07022W;
CL;SJC;San Juan de la Costa;San Juan de la Costa;LL;--3-----;RN;0501;;4031S 07324W;
CL;SMG;San Miguel;San Miguel;RM;--3-----;RN;0501;;3330S 07040W;
CL;SNI;San Nicolás;San Nicolas;BI;--3-----;RN;0501;;3630S 07213W;
CL;SPB;San Pablo;San Pablo;LL;--3-----;RN;0501;;4024S 07301W;
CL;SPE;San Pedro;San Pedro;RM;--3-----;RN;0501;;3354S 07128W;
CL;SPA;San Pedro de Atacama;San Pedro de Atacama;AN;--3-----;RN;0407;;2255S 06813W;
CL;SPP;San Pedro de la Paz;San Pedro de la Paz;BI;--3-----;RN;0501;;;
CL;SRA;San Rafael;San Rafael;ML;--3-----;RN;0501;;3519S 07132W;
CL;SRM;San Ramón;San Ramon;RM;--3-----;RN;0501;;3327S 07030W;
CL;SRO;San Rosendo;San Rosendo;BI;--3-----;RN;0501;;3716S 07243W;
CL;SVE;San Vicente;San Vicente;BI;1-3-----;AI;0501;;3642S 07308W;
CL;SVT;San Vicente;San Vicente;LI;-23-----;RN;0501;;3426S 07105W;
CL;SBA;Santa Bárbara;Santa Barbara;BI;--3-----;RN;0501;;3740S 07201W;
CL;SCZ;Santa Cruz;Santa Cruz;LI;-23-----;RN;0501;;3438S 07122W;
CL;SJU;Santa Juana;Santa Juana;BI;--3-----;RN;0501;;3710S 07256W;
CL;SMA;Santa María;Santa Maria;VS;--3-----;RN;0501;;3245S 07040W;
CL;SCL;Santiago;Santiago;RM;-2345---;AI;0501;;3327S 07038W;
CL;SDO;Santo Domingo;Santo Domingo;VS;--3-----;RL;0501;;3338S 07139W;
CL;SIG;Sierra Gorda;Sierra Gorda;AN;-23-----;RN;0407;;2254S 06919W;
CL;TLG;Talagante;Talagante;RM;--3-----;RL;0201;;3340S 07056W;
CL;TLX;Talca;Talca;ML;1234----;AI;0212;;3525S 07139W;
CL;TAL;Talcahuano;Talcahuano;BI;123-----;AI;0501;;3644S 07307W;
CL;TTC;Taltal;Taltal;AN;1--4----;AI;0201;;2524S 07028W;
CL;ZCO;Temuco;Temuco;AR;-234----;AI;0501;;3843S 07234W;
CL;TEN;Teno;Teno;ML;--3-----;RN;0501;;3452S 07111W;
CL;TEO;Teodoro Schmidt;Teodoro Schmidt;AR;-23-----;RN;0501;;3858S 07303W;
CL;TAM;Tierra Amarilla;Tierra Amarilla;AT;-23-----;RN;0407;;2729S 07017W;
CL;TIL;Tiltil;Tiltil;RM;--3-----;RN;0501;;3305S 07056W;
CL;TIM;Timaukel;Timaukel;MA;--3-----;RN;0501;;;
CL;TIR;Tirúa;Tirua;BI;--3-----;RN;0501;;3820S 07330W;
CL;TOQ;Tocopilla;Tocopilla;AN;1--4----;AI;0201;;2205S 07011W;
CL;TOL;Toltén;Tolten;AR;-23-----;RN;0501;;3913S 07314W;
CL;TOM;Tomé;Tome;BI;123-----;AI;0501;;3636S 07257W;
CL;TON;Tongoy;Tongoy;CO;1-3-----;RN;0501;;3015S 07129W;
CL;TDP;Torres del Paine;Torres del Paine;MA;--3-----;RN;0501;;5059S 07303W;
CL;TOR;Tortel;Tortel;AI;1-------;RN;0501;;4750S 07334W;
CL;TRA;Traiguén;Traiguen;AR;-23-----;RN;0501;;3815S 07241W;
CL;TRE;Treguaco;Treguaco;BI;--3-----;RN;0501;;3626S 07240W;
CL;TPT;Tres Puentes;Tres Puentes;MA;1-3-----;RN;0501;;5307S 07053W;
CL;TUC;Tucapel;Tucapel;BI;--3-----;RN;0501;;3717S 07157W;
CL;ZAL;Valdivia;Valdivia;LL;123-----;AI;0501;;3949S 07313W;
CL;VLR;Vallenar;Vallenar;AT;-234-6--;AI;0407;;2834S 07045W;
CL;VAP;Valparaiso;Valparaiso;VS;1234----;AI;0501;;3302S 07138W;
CL;VEN;Ventanas;Ventanas;AT;--3-----;RL;0607;;2831S 07052W;
CL;VNT;Ventanas;Ventanas;VS;1-3-----;RL;0501;;3244S 07129W;
CL;VCQ;Vichuquén;Vichuquen;ML;--3-----;RN;0501;;3453S 07200W;
CL;ZIC;Victoria;Victoria;AR;-234----;AI;0501;;3814S 07219W;
CL;VIC;Vicuña;Vicuna;CO;-23-----;RN;0407;;3001S 07042W;
CL;VCN;Vilcún;Vilcun;AR;-23-----;RN;0501;;3839S 07214W;
CL;VAG;Villa Alegre;Villa Alegre;ML;--3-----;RN;0501;;3540S 07145W;
CL;VIA;Villa Alemana;Villa Alemana;VS;-23-----;RN;0501;;3302S 07122W;
CL;VIL;Villarrica;Villarrica;AR;123-----;RN;0501;ZVC;3916S 07213W;
CL;KNA;Viña del Mar;Vina del Mar;VS;1234----;AI;0501;;3259S 07133W;
CL;VIT;Vitacura;Vitacura;RM;--3-----;RN;0501;;3324S 07036W;
CL;YBU;Yerbas Buenas;Yerbas Buenas;ML;--3-----;RN;0501;;3545S 07135W;
CL;YUM;Yumbel;Yumbel;BI;-23-----;RN;0501;;3708S 07232W;
CL;YUN;Yungay;Yungay;BI;--3-----;RN;0501;;3707S 07201W;
CL;ZAP;Zapallar;Zapallar;VS;--3-----;RN;0501;;3233S 07128W;
