CZ;;.CZECH REPUBLIC;;;;;;;;
CZ;AMV;Adamov;Adamov;;--3-----;RL;0201;;4919N 01640E;
CZ;ASA;As;As;;-23----B;AA;9701;;;
CZ;BAJ;Bakov nad Jizerou;Bakov nad Jizerou;;-23-----;RL;0407;;5029N 01456E;
CZ;BAN;Bánov;Banov;;--3-----;AA;0212;;4859N 01743E;
CZ;BPB;Belá pod Bezdezem;Bela pod Bezdezem;;--3-----;RL;0212;;5030N 01448E;
CZ;BNJ;Benátky nad Jizerou;Benatky nad Jizerou;;-23-----;RL;0401;;5017N 01450E;
CZ;BEN;Benesov;Benesov;;-23-----;AA;9509;;;
CZ;BER;Beroun;Beroun;;-23-----;AA;9509;;;
CZ;BZN;Bezno;Bezno;;--3-----;RL;0601;;5022N 01447E;
CZ;BIL;Bila;Bila;;--3----B;AA;9701;;;
CZ;BLC;Bilcice;Bilcice;;--3-----;RQ;0607;;4952N 01734E;
CZ;BLN;Bílina;Bilina;;123-----;RL;0601;;5033N 01346E;
CZ;BIO;Bílovec;Bilovec;;-23-----;RL;0701;;4946N 01802E;
CZ;BIP;Bily Potok;Bily Potok;;--3----B;AA;9701;;;
CZ;BLA;Blansko;Blansko;;-23-----;AA;9509;;;
CZ;BTA;Blatná;Blatna;;-23-----;RL;0701;;4926N 01353E;
CZ;BHD;Bohdanec;Bohdanec;;--3-----;RQ;0607;;;
CZ;BOH;Bohumin;Bohumin;;-23----B;AA;9701;;;
CZ;BVE;Bohunovice;Bohunovice;;-23-----;RL;0601;;4940N 01717E;
CZ;BOL;Bolatice;Bolatice;;1-3-----;RQ;0607;;;
CZ;BOR;Bor u Tachova;Bor u Tachova;;-23-----;AA;9509;;;
CZ;BTC;Boretice;Boretice;;1-3-----;RQ;0607;;;
CZ;BOV;Borovany;Borovany;;-23-----;RL;0701;;4855N 01440E;@Fun@Sta@Coo
CZ;BDA;Bozí Dar;Bozi Dar;;-2------;RL;0212;;5025N 01254E;
CZ;BNL;Brandys nad Labem;Brandys nad Labem;;--3-----;RL;0212;;5011N 01440E;
CZ;BUO;Branka;Branka;;--3-----;RL;0601;;4953N 01752E;
CZ;BVC;Brankovice;Brankovice;;-23-----;RL;0701;;4909N 01709E;
CZ;BVA;Breclav;Breclav;;-23-5---;AA;9701;;;
CZ;BZI;Brezí;Brezi;;--3-----;RL;0407;;5039N 01407E;
CZ;DBZ;Brezník;Breznik;;--3-----;RL;0201;;4910N 01612E;
CZ;BRE;Brezova;Brezova;;--3----B;AA;9701;;;
CZ;BDI;Bridlicna;Bridlicna;;--3-----;RL;0701;;4955N 01722E;@Fun@Sta@Coo
CZ;BRQ;Brno;Brno;;-2345---;AA;9606;;;
CZ;BRM;Broumov;Broumov;;--3----B;AA;9701;;;
CZ;BBY;Brumov-Bylnice;Brumov-Bylnice;;--3-----;RQ;0607;;4906N 01801E;
CZ;BNT;Bruntál;Bruntal;;--3-----;RL;0601;;4959N 01727E;
CZ;BCV;Bucovice;Bucovice;;--3-----;RL;0307;;4909N 01700E;
CZ;BUD;Budinek;Budinek;;--3-----;RL;0701;;4945N 01412E;@Sta@Coo
CZ;BUS;Bustehrad;Bustehrad;;-23-----;RL;0701;;5010N 01411E;
CZ;BYN;Bynov;Bynov;;-23-----;RL;0701;;5046N 01409E;
CZ;BPH;Bystrice;Bystrice;;--3-----;RL;0201;;4938N 01844E;
CZ;BYP;Bystrice pod Hostýnem;Bystrice pod Hostynem;;-23--6--;RL;0407;;4924N 01741E;
CZ;BZC;Bzenec;Bzenec;;-23-----;RL;0207;;4858N 01717E;
CZ;CAS;Castolovice;Castolovice;;--3-----;RL;0507;;5008N 01611E;
CZ;CLK;Celákovice;Celakovice;;-23-----;RN;0501;;5010N 01446E;
CZ;CNL;Cerekvice nad Loucnou;Cerekvice nad Loucnou;;-23-----;RL;0701;;4954N 01614E;
CZ;CNI;Cernice;Cernice;;--3-----;RL;0701;;5034N 01332E;
CZ;CNZ;Cernozice;Cernozice;;--3-----;RL;0601;;5019N 01552E;
CZ;CNC;Cernuc;Cernuc;;--3-----;RL;0507;;5018N 01412E;
CZ;CVJ;Cervené Janovice;Cervene Janovice;;--3-----;RL;0212;;4950N 01515E;
CZ;CVY;Cervený Kostelec;Cerveny Kostelec;;--3-----;RL;0207;;5029N 01605E;
CZ;CEK;Ceská Kubice;Ceska Kubice;;-2-----B;AA;0212;;4922N 01251E;
CZ;CLI;Ceská Lípa;Ceska Lipa;;-23-----;AA;0212;;5041N 01433E;
CZ;CSK;Ceská Skalice;Ceska Skalice;;-23-----;RL;0701;;5024N 01603E;@Fun@Sta@Coo
CZ;CTR;Ceská Trebová;Ceska Trebova;;-23-----;AA;0212;;4954N 01627E;
CZ;CKB;Ceské Budejovice;Ceske Budejovice;;-23-5---;AA;0212;;4859N 01428E;
CZ;CKP;Ceské Kopisty;Ceske Kopisty;;-23-----;RN;0501;;5032N 01410E;
CZ;CEM;Ceské Mezirící;Ceske Mezirici;;-23-----;RL;0701;;5017N 01603E;
CZ;VEA;Ceské Velenice;Ceske Velenice;;-23----B;AA;0212;;4846N 01458E;
CZ;CSB;Cesky Brod;Cesky Brod;;--3-----;RL;0212;;5005N 01452E;
CZ;CKR;Cesky Krumlov;Cesky Krumlov;;-23-----;AA;0212;;4849N 01419E;
CZ;TEA;Cesky Tesín;Cesky Tesin;;-23----B;AA;0212;;4945N 01837E;
CZ;CCE;Cestlice;Cestlice;;--3-----;RL;0201;;4959N 01434E;
CZ;CHB;Cheb;Cheb;;-23-5---;AA;9509;;;
CZ;CLM;Chlum;Chlum;;-23-----;RL;0701;;4851N 01355E;
CZ;CCN;Chocen;Chocen;;123-----;RL;0501;;5000N 01614E;
CZ;CHO;Chodov;Chodov;;--3--6--;RL;0407;;4925N 01249E;
CZ;CPL;Chodová Planá;Chodova Plana;;-23-----;RL;0601;;4953N 01244E;
CZ;CHM;Chomutov;Chomutov;;-23-----;AA;9701;;;
CZ;CBO;Chotebor;Chotebor;;-23-----;RL;0701;;4943N 01541E;
CZ;CHT;Chotebuz;Chotebuz;;--3----B;AA;9701;;;
CZ;CHS;Chrast;Chrast;;--3-----;RL;0701;;4954N 01558E;
CZ;CUL;Chrastava;Chrastava;;123-----;RL;0601;;5049N 01458E;
CZ;CPY;Chropyne;Chropyne;;--3-----;RL;0701;;4921N 01722E;
CZ;CHR;Chrudim;Chrudim;;-23-----;AA;9509;;;
CZ;CHU;Chudobín;Chudobin;;1-3-----;RL;0601;;4934N 01616E;
CZ;CHV;Chvaletice;Chvaletice;;--3-----;RN;0501;;5002N 01525E;
CZ;CCA;Cínovec;Cinovec;;--3----B;AA;0212;;5044N 01346E;
CZ;CHY;Ckyne;Ckyne;;--3-----;RL;0701;;4908N 01321E;
CZ;DCI;Dacice;Dacice;;--3-----;RQ;0607;;;
CZ;DLC;Dalecín;Dalecin;;--3-----;RL;0307;;4936N 01615E;
CZ;DVI;Dalovice;Dalovice;;--3--6--;RL;0507;;5015N 01254E;
CZ;DCB;Decín;Decin;;123-5---;AA;0212;;5047N 01413E;
CZ;DIV;Divisov;Divisov;;1-3--6--;RL;0307;;4947N 01453E;
CZ;DKE;Dobkovice;Dobkovice;;-23-----;RL;0601;;5042N 01410E;
CZ;DBY;Dobrany;Dobrany;;-23-----;RL;0601;;4939N 01317E;
CZ;DJE;Dobrejovice;Dobrejovice;;--3-----;RL;9811;;;
CZ;DRS;Dobris;Dobris;;123--6--;RL;0601;;4947N 01410E;
CZ;DLN;Dolany;Dolany;;--3-----;RN;0501;;5013N 01421E;
CZ;DBV;Dolní Becva;Dolni Becva;;--3-----;RL;0601;;4927N 01811E;
CZ;DOB;Dolní Benesov;Dolni Benesov;;123-----;RL;0601;;4955N 01807E;
CZ;BBE;Dolní Berkovice;Dolni Berkovice;;123-----;RL;0601;;5023N 01426E;
CZ;DBO;Dolní Bojanovice;Dolni Bojanovice;;--3-----;RL;0701;;4851N 01702E;
CZ;DCE;Dolní Cetno;Dolni Cetno;;-23-----;RL;0601;;5024N 01449E;
CZ;DDA;Dolní Dvoriste;Dolni Dvoriste;;--3----B;AA;0212;;4839N 01427E;
CZ;DKN;Dolní Kalná;Dolni Kalna;;--3-----;RL;0601;;5032N 01539E;
CZ;DOL;Dolní Lhota;Dolni Lhota;;1-3-----;RL;0601;;4908N 01749E;
CZ;DLI;Dolní Lipka;Dolni Lipka;;--3----B;AA;0212;;5006N 01643E;
CZ;DOM;Domazlice;Domazlice;;-23-----;AA;9509;;;
CZ;DSY;Drisy;Drisy;;--3--6--;RQ;0607;;5014N 01439E;
CZ;DKV;Drzkov;Drzkov;;123-----;RL;0601;;5041N 01519E;
CZ;DBI;Dubi;Dubi;;--3-----;AA;9509;;;
CZ;DBN;Dubnice;Dubnice;;--3-----;RL;0701;;5043N 01449E;
CZ;DUC;Duchcov;Duchcov;;--3-----;RL;0201;;5036N 01345E;
CZ;DVK;Dvur Králové nad Labem;Dvur Kralove nad Labem;;-23-----;AA;0212;;5026N 01549E;
CZ;DYM;Dymokury;Dymokury;;--3-----;RL;0507;;5014N 01511E;
CZ;DYY;Dysina;Dysina;;--3-----;RL;0212;;4946N 01329E;
CZ;EJP;Ejpovice;Ejpovice;;-23-----;RL;0407;;4945N 01331E;
CZ;FOL;Folmava;Folmava;;--3----B;AA;9701;;;
CZ;FRT;Frenstát pod Radhostem;Frenstat pod Radhostem;;--3-----;RL;0201;;4932N 01812E;
CZ;FRM;Frydek-Místek;Frydek-Mistek;;-23-----;AA;0212;;4941N 01820E;
CZ;FRY;Frydlant;Frydlant;;-23-----;AA;9509;;;
CZ;GOL;Golcuv Jeníkov;Golcuv Jenikov;;-23-----;RL;0601;;4949N 01529E;
CZ;GGV;Grygov;Grygov;;-23-----;RL;0701;;4933N 01719E;
CZ;HTA;Habartice;Habartice;;--3-----;RL;0207;;5100N 01504E;
CZ;HLM;Halámky;Halamky;;--3----B;AA;0212;;4851N 01455E;
CZ;HAL;Halenkov;Halenkov;;-23-----;RL;0701;;4919N 01809E;
CZ;HVA;Harrachov;Harrachov;;--3----B;AA;9701;;;
CZ;HAT;Hate;Hate;;--3----B;AA;9701;;;
CZ;HAV;Havírov;Havirov;;-23-----;RL;0601;;4948N 01824E;
CZ;HBV;Havlíckova Borová;Havlickova Borova;;--3-----;RL;0701;;4939N 01547E;
CZ;HVB;Havlíckuv Brod;Havlickuv Brod;;-23-----;AA;0212;;4937N 01535E;
CZ;HER;Hermanova Hut;Hermanova Hut;;-2------;RL;0207;;4942N 01305E;
CZ;HMM;Hermanuv Mestec;Hermanuv Mestec;;--3-----;RL;0307;;4957N 01540E;
CZ;HEA;Hevlín;Hevlin;;--3----B;AA;0212;;4845N 01623E;
CZ;HLN;Hlinsko;Hlinsko;;-23-----;AA;9509;;;
CZ;HLB;Hlubocky;Hlubocky;;--3-----;RL;0201;;4938N 01724E;
CZ;HLK;Hluk;Hluk;;--3-----;RL;0106;;4859N 01732E;
CZ;HVI;Hnevice;Hnevice;;-23-----;RL;0601;;4944N 01306E;
CZ;HNE;Hnevotín;Hnevotin;;--3-----;RL;0601;;4934N 01711E;
CZ;HOM;Hodkovice nad Mohelkou;Hodkovice nad Mohelkou;;-23-----;RL;0401;;5039N 01505E;
CZ;HOD;Hodonin;Hodonin;;-23-----;AA;9509;;;
CZ;HOL;Holesov;Holesov;;---4----;AA;9509;;;
CZ;HCE;Holice;Holice;;--3-----;RL;0601;;5004N 01558E;
CZ;YHO;Holubice;Holubice;;--3-----;RL;0607;;5012N 01418E;
CZ;HOS;Hora Svatého Sebestiána;Hora Svateho Sebestiana;;--3----B;AA;0212;;5031N 01316E;
CZ;HZV;Horazd' ovice;Horazd' ovice;;--3-----;RL;0201;;4920N 01341E;
CZ;HRP;Horice;Horice;;--3--6--;RL;0501;;5021N 01537E;
CZ;HAH;Horní Adrspach;Horni Adrspach;;--3-----;RL;0212;;5037N 01606E;
CZ;HBC;Horní Becva;Horni Becva;;--3----B;AA;0212;;4926N 01817E;
CZ;HOB;Horní Benesov;Horni Benesov;;--3-----;RL;0701;;4958N 01736E;
CZ;HBA;Horní Bríza;Horni Briza;;-23-----;RL;0701;;4950N 01321E;
CZ;HCV;Horní Cerekev;Horni Cerekev;;--3-----;RL;0201;;4920N 01520E;
CZ;HDA;Horní Dvoriste;Horni Dvoriste;;-2-----B;AA;0212;;4836N 01425E;
CZ;HJI;Horni Jiretin;Horni Jiretin;;--3-----;RQ;0607;;5034N 01334E;
CZ;HLD;Horní Lidec;Horni Lidec;;-2-----B;AA;0212;;4911N 01804E;
CZ;HSO;Horní Slavkov;Horni Slavkov;;-23-----;RL;0701;;5009N 01248E;@Fun@Sta@Coo
CZ;HSU;Horní Suchá;Horni Sucha;;-23-----;RL;0601;;4948N 01829E;
CZ;HTE;Horni Tasovice;Horni Tasovice;;--3-----;RL;0601;;5010N 01300E;
CZ;HRV;Horovice;Horovice;;-23-----;RL;0106;;4951N 01354E;
CZ;HRY;Hory;Hory;;-23-----;RL;0701;;4953N 01745E;
CZ;HVE;Hostivice;Hostivice;;-23-----;RL;0507;;5005N 01416E;
CZ;HKR;Hradec Králové;Hradec Kralove;;-23-----;AA;0212;;5013N 01551E;
CZ;HRM;Hradec-nad-Moravici;Hradec-nad-Moravici;;--3-----;RL;0407;;4952N 01752E;
CZ;HUA;Hrádek nad Nisou;Hradek nad Nisou;;--3-----;RL;0201;;5051N 01450E;
CZ;HLT;Hradistko;Hradistko;;--3-----;RN;0501;;5010N 01456E;
CZ;HSA;Hrensko;Hrensko;;1-3----B;AA;9701;;;
CZ;HUD;Hudlice;Hudlice;;--3-----;RL;0201;;4957N 01358E;
CZ;HUL;Hulín;Hulin;;-23-----;RL;0507;;4919N 01728E;
CZ;HPC;Humpolec;Humpolec;;-23-----;RL;0501;;4933N 01522E;
CZ;HUS;Husinec;Husinec;;--3-----;RQ;0607;;4903N 01358E;
CZ;HPE;Hustopece;Hustopece;;--3-----;RL;0201;;4856N 01643E;
CZ;ICE;Ivancice;Ivancice;;--3-----;RQ;9806;;;
CZ;JNJ;Jablonec nad Jizerou;Jablonec nad Jizerou;;--3-----;RL;0601;;5042N 01526E;
CZ;JBC;Jablonec nad Nisou;Jablonec nad Nisou;;-23-----;AA;9701;;;
CZ;JPY;Jablonecké Paseky;Jablonecke Paseky;;--3-----;RL;0601;;5044N 01513E;
CZ;JAB;Jablonné nad Orlicí;Jablonne nad Orlici;;123-----;RL;0601;;5002N 01636E;
CZ;JBV;Jablunkov;Jablunkov;;--3-----;AA;9509;;;
CZ;JNU;Janovice nad Úhlavou;Janovice nad Uhlavou;;--3-----;RL;0701;;4921N 01314E;
CZ;JAR;Jaromer;Jaromer;;-23-----;RL;0401;;5021N 01555E;
CZ;JZY;Jazlovice;Jazlovice;;--3-----;RL;0701;;4958N 01438E;
CZ;JNC;Jenec;Jenec;;-23-----;RL;0601;;5005N 01413E;
CZ;JES;Jesenice;Jesenice;;-23-----;RL;0701;;5006N 01328E;
CZ;JSN;Jeseník;Jesenik;;--3-----;RL;0212;;5014N 01712E;
CZ;JTV;JetYichov;JetYichov;;--3-----;RL;0307;;5036N 01616E;
CZ;JEV;Jevicko;Jevicko;;--3-----;RQ;0607;;;
CZ;JIE;Jevisovice;Jevisovice;;1-3-----;RL;0701;;4859N 01600E;
CZ;JIC;Jicín;Jicin;;-23-----;AA;0212;;5026N 01521E;
CZ;JHV;Jihlava;Jihlava;;-23-----;AA;9701;;;
CZ;JIL;Jilemnice;Jilemnice;;-23-----;RL;0601;;5036N 01531E;
CZ;JPR;Jílové u Prahy;Jilove u Prahy;;-23-----;RL;0601;;4954N 01430E;
CZ;JNH;Jindrichuv Hradec;Jindrichuv Hradec;;-23-----;AA;9509;;;
CZ;JRA;Jirikov;Jirikov;;--3----B;AA;9701;;;
CZ;JRN;Jirny;Jirny;;--3-----;RL;0601;;5006N 01442E;
CZ;KAD;Kadan;Kadan;;123-----;RL;0601;;5023N 01316E;
CZ;KSV;Kamenický Senov;Kamenicky Senov;;-23-----;RL;0601;;5046N 01428E;
CZ;KMN;Kamenná;Kamenna;;--3-----;RL;0201;;4951N 01701E;
CZ;KVO;Kamyk nad Vltavou;Kamyk nad Vltavou;;--3-----;RQ;0607;;4938N 01415E;
CZ;KAP;Kaplice;Kaplice;;-23-----;AA;9509;;;
CZ;KAR;Karlín;Karlin;;--3--6--;RL;0407;;4858N 01658E;
CZ;KLV;Karlovy Vary;Karlovy Vary;;-234----;AA;9606;;;
CZ;KUV;Karolinka;Karolinka;;123-----;RL;0601;;4921N 01815E;
CZ;KRV;Karviná;Karvina;;-23-----;AA;0212;;4952N 01833E;
CZ;KJV;Kaznejov;Kaznejov;;-23-----;RL;0701;;4953N 01323E;@Fun@Sta@Coo
CZ;KDY;Kdyne;Kdyne;;-23-----;RL;0701;;4924N 01302E;
CZ;KLD;Kladno;Kladno;;-23-----;AA;9509;;;
CZ;KNO;Klásterec nad Ohrí;Klasterec nad Ohri;;--3-----;RL;0201;;5023N 01310E;
CZ;KCC;Klásterec nad Orlicí;Klasterec nad Orlici;;--3-----;RL;0201;;5008N 01633E;
CZ;KLY;Klatovy;Klatovy;;--3-----;XX;0701;;4923N 01317E;Cf CZ KTV
CZ;KTV;Klatovy;Klatovy;;-234----;AA;0701;;4924N 01317E;@Coo
CZ;KLC;Klícany;Klicany;;-234----;AA;0212;;5012N 01426E;
CZ;KZE;Knezeves;Knezeves;;--3--6--;RL;0501;;5007N 01416E;
CZ;KZM;Knezmost;Knezmost;;--3-----;RL;0701;;5029N 01503E;
CZ;KOJ;Kojetice;Kojetice;;-23-----;RL;0407;;5014N 01431E;
CZ;KLN;Kolín;Kolin;;-23-----;AA;0212;;5001N 01512E;
CZ;KMV;Komárov;Komarov;;-23-----;RL;0701;;4948N 01351E;
CZ;KOP;Koprivnice;Koprivnice;;-23-----;AA;9701;;;
CZ;KTA;Kostálov;Kostalov;;--3-----;RL;0601;;5029N 01400E;
CZ;KOS;Kostany;Kostany;;--3-----;RL;0407;;5039N 01346E;
CZ;KCL;Kostelec nad Cernými Lesy;Kostelec nad Cernymi Lesy;;-23-----;RL;0607;;5000N 01452E;
CZ;KSL;Kostelec nad Labem;Kostelec nad Labem;;123-----;RN;0501;;5014N 01436E;
CZ;KOO;Kostelec nad Orlicí;Kostelec nad Orlici;;--3-----;RL;0212;;5008N 01614E;
CZ;KST;Kostomlatky;Kostomlatky;;--3-----;RN;0501;;5011N 01458E;
CZ;KRM;Kourim;Kourim;;--3-----;RL;0607;;5001N 01459E;
CZ;KOZ;Kozlany;Kozlany;;--3-----;RL;0507;;4959N 01333E;
CZ;KZY;Kozojedy;Kozojedy;;--3-----;RL;0701;;4956N 01332E;
CZ;RNH;Kralice na Hané;Kralice na Hane;;1-3-----;RL;0601;;4927N 01711E;
CZ;KLK;Kraliky;Kraliky;;-23-----;AA;9701;;;
CZ;KRL;Kralovec;Kralovec;;-23-----;AA;9509;;;
CZ;KVI;Kralovice;Kralovice;;-23-----;RL;0701;;4959N 01329E;
CZ;KNV;Kralupy nad Vltavou;Kralupy nad Vltavou;;123-----;RL;0401;;5014N 01419E;
CZ;KSA;Krásná;Krasna;;--3-----;RL;0407;;5041N 01513E;
CZ;KRN;Krnov;Krnov;;-23----B;AA;9701;;;
CZ;KMR;Kromeríz;Kromeriz;;-23-----;RL;0212;;4918N 01724E;
CZ;KRY;Kryry;Kryry;;-23-----;RL;0701;;5010N 01325E;@Fun@Sta
CZ;KNN;Kunín;Kunin;;--3-----;RL;0701;;4938N 01800E;
CZ;KUN;Kunovice;Kunovice;;-23-----;RL;0401;;4903N 01728E;
CZ;KVC;Kunovice;Kunovice;;-23-----;RL;0401;;4927N 01749E;
CZ;KNT;Kunstát;Kunstat;;--3-----;RL;0701;;4931N 01632E;
CZ;KUR;Kurim;Kurim;;--3-----;RL;9901;;;
CZ;KUH;Kutná Hora;Kutna Hora;;-23-----;AA;0212;;4957N 01516E;
CZ;KYJ;Kyjov;Kyjov;;--3-----;RL;0201;;4900N 01707E;
CZ;LDV;Ládví;Ladvi;;--3-----;RL;0601;;4954N 01436E;
CZ;LZH;Lanzhot;Lanzhot;;-23----B;AA;9701;;;
CZ;LEC;Lechovice;Lechovice;;1-3-----;RQ;0607;;;
CZ;LOE;Letovice;Letovice;;1-3-----;RQ;0607;;;
CZ;LBR;Liberec;Liberec;;-23-5---;AA;9509;;;
CZ;LIC;Libochovany;Libochovany;;--3-----;RN;0501;;5034N 01402E;
CZ;LIB;Libosovice;Libosovice;;-2------;RL;0207;;5029N 01510E;
CZ;LCH;Lichkov;Lichkov;;-2-----B;AA;9701;;;
CZ;LIS;Lísková u Nemanic;Liskova u Nemanic;;--3----B;AA;0212;;4925N 01243E;
CZ;LCE;Litice;Litice;;-23-----;RL;0507;;4942N 01321E;
CZ;LTC;Litomerice;Litomerice;;-23-----;AA;9701;;;
CZ;LMS;Litomysl;Litomysl;;-23-----;AA;9701;;;
CZ;LTV;Litovel;Litovel;;-----6--;RL;0601;;4942N 01704E;
CZ;LVV;Litvínov;Litvinov;;--3-----;RL;0307;;5036N 01337E;
CZ;LUK;Lochovice;Lochovice;;123-----;RL;0601;;4951N 01359E;
CZ;LOD;Lodenice;Lodenice;;1-------;RQ;0212;;;
CZ;LOM;Lomnice nad Popelkou;Lomnice nad Popelkou;;-23-----;RL;0701;;5032N 01522E;@Fun@Sta@Coo
CZ;LOU;Louny;Louny;;--3-----;RL;0407;;5021N 01348E;
CZ;LVC;Lovosice;Lovosice;;-23-----;AA;9701;;;
CZ;LBC;Lubenec;Lubenec;;1-3-----;RQ;0607;;;
CZ;LNN;Lucany nad Nisou;Lucany nad Nisou;;--3-----;RL;0601;;5044N 01512E;
CZ;LUL;Luhacovice;Luhacovice;;--3-----;RL;0307;;4906N 01746E;
CZ;LUS;Lustenice;Lustenice;;-23-----;RL;0701;;5019N 01457E;@Fun@Sta@Coo
CZ;LYL;Lysá nad Labem;Lysa nad Labem;;-23-----;RN;0501;;5012N 01450E;
CZ;MSV;Malé Svatonovice;Male Svatonovice;;-23-----;RL;0501;;5032N 01603E;
CZ;MKA;Mariánské Lázne;Marianske Lazne;;-234----;AA;0212;;4958N 01242E;
CZ;MCH;Mchnov;Mchnov;;--3-----;RL;0401;;4948N 01454E;
CZ;MLV;Medlov;Medlov;;--3-----;RL;0701;;4902N 01632E;
CZ;MEL;Melnik;Melnik;;-23-----;AA;9509;;;
CZ;MLI;Merklín;Merklin;;--3-----;RL;0701;;4934N 01312E;
CZ;MTO;Mesto Touskov;Mesto Touskov;;--3-----;RL;0701;;4946N 01315E;
CZ;MZA;Mezimestí;Mezimesti;;-23----B;AA;0212;;5037N 01615E;
CZ;MNV;Michnov;Michnov;;123--6--;RL;0307;;4936N 01653E;
CZ;MKL;Mikulov;Mikulov;;--3----B;AA;9701;;;
CZ;MCA;Mikulovice;Mikulovice;;-23----B;AA;9701;;;
CZ;MIL;Milevsko;Milevsko;;-23-----;AA;9509;;;
CZ;MLN;Milín;Milin;;--3-----;RL;0212;;4938N 01403E;
CZ;MMN;Mimon;Mimon;;-2------;RQ;9705;;;
CZ;MBV;Mladá Boleslav;Mlada Boleslav;;-23-----;AA;0212;;5025N 01454E;
CZ;MHC;Mnichovice;Mnichovice;;--3--6--;RQ;0607;;4659N 01443E;
CZ;MHT;Mnichovo Hradiste;Mnichovo Hradiste;;-23-----;RL;0407;;5032N 01459E;
CZ;MOD;Modletice;Modletice;;--3-----;RL;0401;;4958N 01436E;
CZ;MDR;Modrice;Modrice;;--3-----;RL;0407;;4908N 01637E;
CZ;MHL;Mohelnice;Mohelnice;;-23-----;AA;9701;;;
CZ;MOK;Mokrá;Mokra;;--3-----;RL;0601;;5007N 01312E;
CZ;MVB;Moravská Trebová;Moravska Trebova;;--3-----;RL;0307;;4945N 01640E;
CZ;MYB;Moravský Beroun;Moravsky Beroun;;--3--6--;RL;0507;;4948N 01727E;
CZ;MKV;Moravsky Krumlov;Moravsky Krumlov;;-23-----;RL;0601;;4903N 0000;E;
CZ;MOS;Mosnov;Mosnov;;--3--6--;RL;0507;;4941N 01808E;
CZ;MST;Most;Most;;-23-----;AA;9701;;;
CZ;MTK;Mostek;Mostek;;--3-----;RL;0201;;4930N 01449E;
CZ;MJB;Mosty u Jablunkova;Mosty u Jablunkova;;-23----B;AA;9701;;;
CZ;MEE;Mutenice;Mutenice;;--3-----;RL;0507;;4855N 01701E;
CZ;NAA;Nachod;Nachod;;--3----B;AA;9701;;;
CZ;NAM;Námest nad Oslavou;Namest nad Oslavou;;-23-----;RL;0701;;4913N 01610E;
CZ;NPJ;Napajedla;Napajedla;;--3-----;RQ;0607;;;
CZ;NED;Nedasova Lhota;Nedasova Lhota;;--3----B;AA;9701;;;
CZ;NEJ;Nejdek;Nejdek;;--3-----;RQ;9811;;;
CZ;NLH;Nelahozeves;Nelahozeves;;-23-----;RN;0501;;5016N 01418E;
CZ;NMY;Nemcicky;Nemcicky;;--3-----;RL;0701;;4856N 01605E;
CZ;NRT;Neratovice;Neratovice;;123-----;RN;0501;;5016N 01431E;
CZ;NIC;Nestemice;Nestemice;;--3-----;RL;0212;;5040N 01406E;
CZ;NVI;Netovice;Netovice;;--3-----;RL;0201;;5013N 01405E;
CZ;NVC;Nivnice;Nivnice;;--3--6--;RQ;0607;;4858N 01738E;
CZ;NBR;Nizbor;Nizbor;;--3-----;RL;0601;;5000N 01359E;
CZ;NVS;Nosovice;Nosovice;;--3-----;RL;0001;;;
CZ;NCA;Nová Bystrice;Nova Bystrice;;--3----B;AA;0212;;4901N 01506E;
CZ;NRL;Nová Role;Nova Role;;-23-----;RL;0601;;5016N 01247E;
CZ;NVY;Nove Dvory;Nove Dvory;;--3-----;RL;0207;;4958N 01519E;
CZ;NMO;Nové Mesto na Morave;Nove Mesto na Morave;;-23-----;RL;0212;;4934N 01604E;
CZ;NMN;Nové Mesto nad Metují;Nove Mesto nad Metuji;;--3-----;RL;0201;;5021N 01608E;
CZ;NST;Nové Strasecí;Nove Straseci;;--3-----;RL;0601;;5010N 01352E;
CZ;NOB;Novy Bor;Novy Bor;;-23-----;AA;0212;;5046N 01435E;
CZ;NHK;Nový Hrádek;Novy Hradek;;--3-----;RL;0701;;5021N 01615E;@Fun@Sta@Coo
CZ;NHV;Novy Hrozenkov;Novy Hrozenkov;;--3-----;RL;0212;;4920N 01812E;
CZ;NJC;Novy Jicín;Novy Jicin;;-23-----;AA;0212;;4936N 01801E;
CZ;NVV;Nový Vestec;Novy Vestec;;1-3-----;RL;0601;;5011N 01443E;
CZ;NUP;Nupaky;Nupaky;;--3-----;RL;0701;;5000N 01436E;@Sta@Coo
CZ;NMB;Nymburk;Nymburk;;-23-----;AA;9509;;;
CZ;NRY;Nýrany;Nyrany;;-23-----;RL;0701;;4943N 01312E;@Fun@Sta@Coo
CZ;OBT;Obríství;Obristvi;;--3-----;RN;0501;;5018N 01429E;
CZ;ODO;Odolena Voda;Odolena Voda;;1-3-----;RQ;0607;;;
CZ;ODV;Odolena Voda;Odolena Voda;;--3-----;RL;0601;;5014N 01423E;
CZ;ODY;Odry;Odry;;-23-----;RL;0001;;;
CZ;OKY;Okrisky;Okrisky;;-23-----;RL;0601;;4914N 01546E;
CZ;OLO;Olomouc;Olomouc;;-2345---;AA;9701;;;
CZ;OLS;Olsany;Olsany;;--3-----;RL;0701;;4908N 01515E;
CZ;OMO;Omoljica;Omoljica;;--3-----;RQ;0607;;4445N 02045E;
CZ;OND;Ondrejov;Ondrejov;;--3-----;RL;0407;;4954N 01448E;
CZ;OPY;Oparany;Oparany;;--3-----;RL;0601;;4924N 01429E;
CZ;ONL;Opatovice nad Labem;Opatovice nad Labem;;--3-----;RL;0701;;5009N 01547E;
CZ;OPA;Opava;Opava;;-23-----;AA;9701;;;
CZ;ORV;Orechov;Orechov;;--3-----;RL;0701;;4907N 01632E;
CZ;OSY;Oslavany;Oslavany;;--3-----;RL;0407;;4908N 01620E;
CZ;OSR;Ostrava;Ostrava;;-2345---;AA;9606;;;
CZ;ONO;Ostrov;Ostrov;;-23--6--;RL;0601;;5019N 01256E;
CZ;OVO;Ostrov nad Ohri;Ostrov nad Ohri;;--3-----;XX;0701;;5017N 01256E;Cf CZ ONO
CZ;ONV;Ostrozská Nová Ves;Ostrozska Nova Ves;;-23-----;RL;0407;;4901N 01726E;
CZ;OTV;Otovice;Otovice;;--3--6--;RL;0507;;5034N 01624E;
CZ;OTC;Otrokovice;Otrokovice;;--34----;AA;9509;;;
CZ;OVC;Otvovice;Otvovice;;--3--6--;RQ;0607;;5013N 01416E;
CZ;OVY;Ovcáry;Ovcary;;-23-----;RL;0701;;5015N 01437E;
CZ;PAC;Pacov;Pacov;;--3-----;RL;0701;;4929N 01501E;
CZ;PNB;Panenské Brezany;Panenske Brezany;;--3-----;RL;0601;;5013N 01426E;
CZ;PRB;Pardubice;Pardubice;;-2345---;AA;9701;;;
CZ;PSV;Paskov;Paskov;;--3--6--;RL;0501;;4944N 01818E;
CZ;PVO;Pavlov;Pavlov;;--3-----;RL;0701;;4852N 01640E;
CZ;PPO;Pavlovice u Prerova;Pavlovice u Prerova;;--3--6--;RQ;0607;;4928N 01732E;
CZ;PKY;Pecky;Pecky;;--3-----;RL;0307;;5005N 01501E;
CZ;PEL;Pelhrimov;Pelhrimov;;-23-----;AA;9509;;;
CZ;PTV;Petrov;Petrov;;--3-----;AA;9701;;;
CZ;PKA;Petrovice u Karviné;Petrovice u Karvine;;-2-----B;AA;0212;;4954N 01832E;
CZ;TRL;Petrvald;Petrvald;;-23-----;RL;0701;;4950N 01824E;
CZ;PSK;Pisek;Pisek;;-23-----;AA;9701;;;
CZ;PSN;Písnice;Pisnice;;--3-----;RL;0201;;4959N 01428E;
CZ;ANA;Planá;Plana;;-23-----;RL;0507;;4952N 01244E;
CZ;PXL;Planá nad Luznicí;Plana nad Luznici;;-23-----;RL;0701;;4921N 01443E;
CZ;PVY;Plavy;Plavy;;--3-----;RL;0201;;5042N 01519E;
CZ;PLZ;Plzen;Plzen;;-2345---;AA;9701;;;
CZ;PZO;Pobezovice;Pobezovice;;--3-----;RQ;0607;;4931N 01248E;
CZ;POC;Pocatky;Pocatky;;--3-----;RL;0207;;4915N 01514E;
CZ;PBY;Podborany;Podborany;;-23-----;RL;0601;;5013N 01325E;
CZ;POD;Podebrady;Podebrady;;--3-----;RL;0201;;5009N 01507E;
CZ;PRE;Pohorelice;Pohorelice;;-23-----;RL;0601;;4858N 01630E;
CZ;POL;Polerady;Polerady;;--3-----;RL;0001;;;
CZ;PLO;Polevsko;Polevsko;;--3-----;RL;0601;;5046N 01432E;
CZ;PNJ;Police nad Metují;Police nad Metuji;;123-----;RL;0601;;5032N 01614E;
CZ;PLK;Policka;Policka;;-23-----;RL;0106;;4942N 01616E;
CZ;OHA;Pomezí nad Ohrí;Pomezi nad Ohri;;--3----B;AA;0212;;5005N 01217E;
CZ;PRS;Poríci nad Sázavou;Porici nad Sazavou;;--3-----;RL;0407;;4950N 01441E;
CZ;POT;Potucky-silnice;Potucky-silnice;;-2-----B;AA;9701;;;
CZ;PZY;Pouzdrany;Pouzdrany;;--3--6--;RQ;0607;;4856N 01637E;
CZ;PRT;Prachatice;Prachatice;;-23-----;AA;9509;;;
CZ;;Prague = Praha;Prague = Praha;;;;;;;
CZ;PRG;Praha;Praha;;-2345---;AA;9606;;;
CZ;PNL;Predmerice nad Labem;Predmerice nad Labem;;-23-----;RL;0507;;5015N 01549E;
CZ;PLC;Prelouc;Prelouc;;-23-----;RL;0701;;5002N 01534E;@Fun@Sta@Coo
CZ;PRV;Prerov;Prerov;;-234----;AA;9701;;;
CZ;PST;Prestice;Prestice;;-23-----;RL;0701;;4934N 01320E;
CZ;PBR;Príbor;Pribor;;-23-----;RL;0701;;4939N 01809E;
CZ;PRI;Pribram;Pribram;;-23-----;AA;9509;;;
CZ;PRO;Prostejov;Prostejov;;-23-----;AA;9701;;;
CZ;PVN;Provodín;Provodin;;--3-----;RQ;0607;;5037N 01435E;
CZ;PHE;Pruhonice;Pruhonice;;--3-----;RL;0601;;5000N 0000;E;
CZ;PTI;Ptení;Pteni;;--3-----;RQ;0607;;4930N 01656E;
CZ;RVC;Rácovice;Racovice;;-23-----;RL;0601;;4901N 01541E;
CZ;RVN;Radovesnice;Radovesnice;;--3-----;RQ;0607;;5001N 01509E;
CZ;RAK;Rakovník;Rakovnik;;-23-----;AA;0212;;5006N 01345E;
CZ;RKV;Rakvice;Rakvice;;-23-----;RL;0701;;4851N 01650E;
CZ;RPO;Rapotice;Rapotice;;-23--6--;RL;0601;;4911N 01616E;
CZ;RAT;Rapotín;Rapotin;;--3-----;RL;0212;;4959N 01700E;
CZ;RKO;Ratískovice;Ratiskovice;;--3-----;RL;0701;;4856N 01710E;
CZ;RCY;Rícany;Ricany;;--3-----;RL;0201;;5000N 01440E;
CZ;ZKQ;Rohatec;Rohatec;;--3-----;RL;9805;;;
CZ;RKC;Rokycany;Rokycany;;--3-----;AA;9701;;;
CZ;RUR;Rosice;Rosice;;-23-----;RL;0701;;4911N 01623E;@Fun@Sta@Coo
CZ;RNL;Roudnice nad Labem;Roudnice nad Labem;;-23-----;AA;9701;;;
CZ;RSV;Rousinov;Rousinov;;--3-----;RL;0201;;4949N 01449E;
CZ;RPR;Roznov pod Radhosthem;Roznov pod Radhosthem;;--3-----;RL;9806;;;
CZ;RZT;Roztoky;Roztoky;;-23-----;RN;0501;;5010N 01424E;
CZ;RZA;Rozvadov;Rozvadov;;--3----B;AA;9701;;;
CZ;RNB;Rtyne nad Bílinou;Rtyne nad Bilinou;;-23-----;RL;0701;;5036N 01351E;
CZ;RUD;Rudná;Rudna;;--3-----;RL;0212;;5002N 01413E;
CZ;RUA;Rumburk;Rumburk;;-2-----B;AA;9701;;;
CZ;RNK;Rychnov nad Kneznou;Rychnov nad Kneznou;;-23-----;AA;9509;;;
CZ;SDI;Sardice;Sardice;;--3--6--;RL;0601;;4858N 01702E;
CZ;SAA;Satov;Satov;;-2-----B;AA;9701;;;
CZ;SAZ;Sázava;Sazava;;-23-----;RL;0607;;4952N 01454E;
CZ;SED;Sedlcany;Sedlcany;;--3-----;RL;0201;;4940N 01425E;
CZ;SML;Semily;Semily;;-23-----;AA;9509;;;
CZ;SNH;Senice na Hané;Senice na Hane;;--3-----;RL;0507;;4938N 01706E;
CZ;SZM;Sezemice;Sezemice;;--3-----;RL;0701;;5004N 01551E;
CZ;SEZ;Sezimovo Ústí;Sezimovo Usti;;--3-----;RL;0407;;4923N 01442E;
CZ;SKA;Skalná;Skalna;;-23-----;RL;0701;;5010N 01222E;
CZ;SNB;Skuhrov nad Belou;Skuhrov nad Belou;;--3-----;RL;0601;;5013N 01617E;
CZ;SKT;Skutec;Skutec;;-23-----;RL;0701;;4951N 01600E;@Fun@Sta@Coo
CZ;SKV;Skvorec;Skvorec;;--3-----;RL;0701;;5003N 01444E;@Sta@Coo
CZ;SLN;Slaný;Slany;;--3-----;XX;0701;;5013N 01405E;Cf CZ SLY
CZ;SLY;Slaný;Slany;;-23-----;RL;0507;;5014N 01406E;
CZ;SNE;Slapanice;Slapanice;;-23-----;RL;0701;;4910N 01645E;
CZ;SLA;Slapy;Slapy;;--3-----;RL;0701;;4949N 01424E;
CZ;STA;Slatina;Slatina;;1-3-----;RQ;0607;;;
CZ;SNY;Slatinany;Slatinany;;--3-----;AA;9509;;;
CZ;SVN;Slavicín;Slavicin;;--3-----;RL;0701;;4905N 01753E;
CZ;SVB;Slavkov u Brna;Slavkov u Brna;;-23-----;RL;0701;;4909N 01652E;
CZ;SMO;Smíchov;Smichov;;1-3-----;RL;0601;;5004N 01424E;
CZ;SMR;Smirice;Smirice;;-23-----;RL;0106;;5001N 01505E;
CZ;OVK;Smrzovka;Smrzovka;;123-----;RL;0601;;5044N 01515E;
CZ;SBE;Sobeslav;Sobeslav;;--3-----;RL;0207;;4919N 01443E;
CZ;SOB;Sobotín;Sobotin;;--3-----;RL;0212;;5001N 01705E;
CZ;SBA;Sobotka;Sobotka;;-23-----;RL;0701;;5028N 01511E;
CZ;SOK;Sokolov;Sokolov;;-23-----;AA;9701;;;
CZ;SOL;Solnice;Solnice;;--3-----;RL;0701;;5012N 01614E;
CZ;SPR;Spáléne Porící;Spalene Porici;;--3-----;RL;0701;;4937N 01335E;
CZ;SPY;Spytihnev;Spytihnev;;-23-----;RL;0701;;4909N 01731E;
CZ;STD;Stádlec;Stadlec;;--3-----;RL;0601;;4924N 01430E;
CZ;SBO;Stará Boleslav;Stara Boleslav;;--3-----;RL;0212;;5012N 01441E;
CZ;SRO;Stará Role;Stara Role;;-23-----;RL;0212;;5014N 01249E;
CZ;SHD;Staré Hradiste;Stare Hradiste;;-23-----;AA;0212;;5004N 01547E;
CZ;STM;Staré Mesto;Stare Mesto;;-23-----;RL;0701;;5010N 01657E;
CZ;SHZ;Stary Hrozenkov;Stary Hrozenkov;;--3----B;AA;0212;;4858N 01753E;
CZ;SPC;Stary Plzenec;Stary Plzenec;;1-3-----;RQ;0607;;;
CZ;STE;Stechovice;Stechovice;;1-3-----;RN;0501;;4951N 01424E;
CZ;STB;Sternberk;Sternberk;;--3-----;RL;0207;;4943N 01717E;
CZ;STT;Stetí;Steti;;123--6--;RN;0501;;5027N 01423E;
CZ;SNV;Stítná nad Vlárí;Stitna nad Vlari;;-23-----;RL;0407;;4904N 01759E;
CZ;SKN;Strakonice;Strakonice;;-23-----;AA;9509;;;
CZ;STC;Strancice;Strancice;;--3-----;RL;0201;;4957N 01439E;
CZ;STN;Strání;Strani;;--3----B;AA;0212;;4854N 01744E;
CZ;SVO;Straskov;Straskov;;-23-----;RL;0601;;5022N 01414E;
CZ;SNN;Stráz nad Nisou;Straz nad Nisou;;-23-----;RL;0701;;5047N 01459E;@Fun@Sta@Coo
CZ;SZN;Strázné;Strazne;;--3-----;RL;0701;;5040N 01536E;
CZ;STR;Stráznice;Straznice;;--3-----;RL;0407;;4854N 01719E;
CZ;SZA;Strázny;Strazny;;--3----B;AA;0212;;4854N 01342E;
CZ;SEY;Stredokluky;Stredokluky;;--3-----;RL;0701;;5008N 01414E;
CZ;STL;Strelice;Strelice;;-23-----;RL;0701;;4909N 01630E;
CZ;SRL;Strelna;Strelna;;--3----B;AA;9701;;;
CZ;SBR;Stríbro;Stribro;;-23-----;RL;0701;;4946N 01300E;
CZ;STY;Studanky;Studanky;;--3----B;AA;9701;;;
CZ;STU;Studená;Studena;;--3-----;RL;0201;;4911N 01517E;
CZ;SLZ;Suchá Loz;Sucha Loz;;--3-----;RL;0307;;4858N 01743E;
CZ;SDC;Sudice;Sudice;;--3----B;AA;9701;;;
CZ;SUK;Sudkov;Sudkov;;--3-----;RL;0701;;4956N 01657E;
CZ;SUD;Sudomerice;Sudomerice;;-23----B;AA;9701;;;
CZ;SUM;Sumperk;Sumperk;;-23-----;AA;9701;;;
CZ;SUS;Susice;Susice;;-23-----;AA;9701;;;
CZ;SVK;Svaty Kriz;Svaty Kriz;;--3----B;AA;9701;;;
CZ;SNS;Svetlá nad Sázavou;Svetla nad Sazavou;;--3-----;RL;0601;;4940N 01524E;
CZ;SDO;Sviadnov;Sviadnov;;123--6--;RL;0601;;4942N 01821E;
CZ;STV;Svitavy;Svitavy;;-23-----;AA;9701;;;
CZ;SVR;Svrkyne;Svrkyne;;-23-----;RL;0601;;5009N 01417E;
CZ;TBR;Tabor;Tabor;;-23-----;AA;9509;;;
CZ;TAC;Tachov;Tachov;;-23-----;AA;9509;;;
CZ;TVA;Tanvald;Tanvald;;123--6--;RL;0601;;5044N 01518E;
CZ;TEP;Teplice;Teplice;;-23-----;AA;9701;;;
CZ;TIS;Tisnov;Tisnov;;123-----;RL;0507;;4921N 01626E;
CZ;TOP;Topolna;Topolna;;--3-----;RL;0701;;4907N 01732E;
CZ;TOM;Touzim;Touzim;;123-----;RL;0601;;5004N 01259E;
CZ;TOV;Tovacov;Tovacov;;--3-----;RL;0507;;4926N 01717E;
CZ;TRV;Trebarov;Trebarov;;--3-----;RL;0701;;4950N 01643E;
CZ;TPO;Trebechovice pod Orebem;Trebechovice pod Orebem;;--3-----;RQ;0607;;5012N 01559E;
CZ;TSO;Trebestovice;Trebestovice;;--3--6--;RQ;0607;;5006N 01457E;
CZ;TRB;Trebíc;Trebic;;-23-----;AA;0212;;4913N 01553E;
CZ;TBV;Trebísov;Trebisov;;--3-----;RL;0701;;4926N 01325E;
CZ;TBD;Treboradice;Treboradice;;--3-----;RQ;0607;;5010N 01431E;
CZ;TMO;Tremosnice;Tremosnice;;--3-----;RL;0401;;4953N 01535E;
CZ;TNC;Trinec;Trinec;;-23-5---;AA;9509;;;
CZ;TRM;Trmice;Trmice;;-23-----;RL;0307;;5039N 01400E;
CZ;TBO;Troubsko;Troubsko;;--3-----;RL;0701;;4910N 01630E;
CZ;TRU;Trutnov;Trutnov;;-23-----;AA;9701;;;
CZ;TUR;Turnov;Turnov;;-23-----;AA;9509;;;
CZ;TDI;Tvrdonice;Tvrdonice;;--3--6--;RL;0507;;4846N 01700E;
CZ;TYL;Týnec nad Labem;Tynec nad Labem;;-23-----;RN;0501;;5002N 01521E;
CZ;TAS;Týnec nad Sázavou;Tynec nad Sazavou;;--3-----;RL;0607;;4949N 01438E;
CZ;UHC;Úhelnice;Uhelnice;;--3-----;RL;0701;;5027N 01500E;
CZ;UHE;Uherské Hradiste;Uherske Hradiste;;-234----;AA;0212;;4904N 01727E;
CZ;UBR;Uherský Brod;Uhersky Brod;;-23-----;RL;0501;;4902N 01739E;
CZ;UHO;Unhost;Unhost;;--3-----;RL;0701;;5005N 01408E;
CZ;UCV;Unicov;Unicov;;--3-----;RL;0201;;4946N 01707E;
CZ;UPI;Upice;Upice;;--3-----;RL;0212;;5031N 01601E;
CZ;USV;Usov;Usov;;--3-----;RL;0212;;4948N 01701E;
CZ;ULN;Ustí nad Labem;Usti nad Labem;;123-5---;AA;0212;;5040N 01402E;
CZ;UOI;Ústí nad Orlicí;Usti nad Orlici;;--3-----;RL;0201;;4958N 01623E;
CZ;UVA;Úvalno;Uvalno;;-23-----;RL;0701;;5003N 01745E;
CZ;VMZ;Valasské Mezirící;Valasske Mezirici;;-23-----;AA;0212;;4928N 01758E;
CZ;VTC;Valtice;Valtice;;--3-----;RL;0501;;4845N 01645E;
CZ;SKL;Valtínov;Valtinov;;--3-----;RL;0307;;4906N 01516E;
CZ;VMB;Vamberk;Vamberk;;-----6--;RL;0601;;5006N 01617E;
CZ;VFA;Varnsdorf;Varnsdorf;;-23----B;AA;9701;;;
CZ;VEJ;Vejprnice;Vejprnice;;-23-----;RL;0701;;4944N 01317E;
CZ;VLN;Velen;Velen;;--3-----;RL;0601;;5009N 01432E;
CZ;VEL;Veletov;Veletov;;--3-----;RN;0501;;5002N 01518E;
CZ;VEB;Velká Bíteš;Velka Biteš;;--3-----;RL;0212;;4918N 01613E;
CZ;VNV;Velká nad Velickou;Velka nad Velickou;;--3----B;AA;0212;;4853N 01732E;
CZ;VBO;Velké Bílovice;Velke Bilovice;;--3-----;RL;0701;;4851N 01655E;
CZ;VKC;Velké Karlovice;Velke Karlovice;;--3----B;AA;0212;;4922N 01818E;
CZ;VMI;Velké Mezirící;Velke Mezirici;;--3-----;RL;0212;;4921N 01601E;
CZ;VCE;Velké Opatovice;Velke Opatovice;;-23-----;RL;0607;;4936N 01641E;
CZ;VPO;Velké Popovice;Velke Popovice;;--3-----;RL;0501;;4956N 01437E;
CZ;VKS;Velký Cenov;Velky Cenov;;--3-----;RL;0307;;5059N 01423E;
CZ;VOS;Velký Osek;Velky Osek;;-23-----;RN;0501;;5006N 01510E;
CZ;VLT;Veltruby;Veltruby;;-23-----;RN;0501;;5005N 01510E;
CZ;VTI;Vetrní;Vetrni;;--3-----;RL;0701;;4846N 01417E;
CZ;VAA;Veverská Bityska;Veverska Bityska;;123-----;RL;0607;;4917N 01627E;
CZ;VIM;Vimperk;Vimperk;;-23-----;AA;9509;;;
CZ;VNR;Vinor;Vinor;;--3-----;RL;0207;;5009N 01435E;
CZ;VZI;Vizovice;Vizovice;;--3-----;RL;0701;;4913N 01752E;
CZ;VLM;Vlasim;Vlasim;;--3-----;RL;0401;;4942N 01454E;
CZ;VJO;Vojkovice;Vojkovice;;--3-----;RL;0207;;5018N 01300E;
CZ;VJA;Vojtanov;Vojtanov;;-23----B;AA;9701;;;
CZ;VRY;Volary;Volary;;1-3-----;RQ;0607;;;
CZ;VCR;Volduchy;Volduchy;;--3-----;RL;0601;;4947N 01337E;
CZ;VNY;Vranany;Vranany;;--3-----;RQ;0607;;5019N 01420E;
CZ;VRN;Vrané nad Vltavou;Vrane nad Vltavou;;-23-----;RN;0501;;4957N 01424E;
CZ;VRZ;Vraz;Vraz;;-23-----;RL;0701;;4959N 01409E;
CZ;VRC;Vrchlabí;Vrchlabi;;-23-----;AA;0212;;5037N 01536E;
CZ;VBY;Vseruby;Vseruby;;--3----B;AA;9701;;;
CZ;VSE;Vsetaty;Vsetaty;;-23-----;RL;0701;;5017N 01436E;@Fun@Sta@Coo
CZ;VST;Vsetín;Vsetin;;-23-----;AA;0212;;4920N 01800E;
CZ;VKV;Vyskov;Vyskov;;-23-----;AA;9509;;;
CZ;VYC;Vysocany;Vysocany;;--3-----;RL;0701;;4942N 01245E;
CZ;VMO;Vysoké Myto;Vysoke Myto;;-234----;AA;0212;;4957N 01610E;
CZ;VCH;Vysoky Chlumec;Vysoky Chlumec;;--3-----;RL;0601;;4937N 01423E;
CZ;ZAB;Zábreh;Zabreh;;-23-----;RL;0701;;4953N 01652E;
CZ;ZNM;Zabreh na Morave;Zabreh na Morave;;--3-----;RQ;0607;;;
CZ;ZCR;Zaclér;Zacler;;--3-----;RL;0212;;5039N 01554E;
CZ;ZJI;Zajecí;Zajeci;;-23-----;RL;0701;;4853N 01648E;
CZ;ZKY;Zákolany;Zakolany;;-23-----;RL;0701;;5012N 01414E;
CZ;ZAM;Zamberk;Zamberk;;-23-----;AA;9701;;;
CZ;ZAT;Zatec;Zatec;;-23-5---;AA;9701;;;
CZ;ZBU;Zbuzany;Zbuzany;;--3-----;RQ;0607;;5001N 01416E;
CZ;ZDA;Zdánice;Zdanice;;-23-----;RL;0701;;4904N 01703E;@Fun@Sta@Coo
CZ;ZNS;Zdár nad Sázavou;Zdar nad Sazavou;;-23-----;AA;0212;;4934N 01557E;
CZ;ZBY;Zdiby;Zdiby;;--3-----;RQ;0607;;5010N 01427E;
CZ;ZND;Zdírec Nad Doubravkou;Zdirec Nad Doubravkou;;--3-----;RL;0507;;4942N 01549E;
CZ;ZEB;Zebrák;Zebrak;;--3-----;RL;0212;;4952N 01354E;
CZ;ZLC;Zelechovice;Zelechovice;;--3-----;RL;0701;;4945N 01709E;
CZ;ZLK;Zelenky;Zelenky;;--3-----;RQ;0607;;5036N 01346E;
CZ;RDA;Zelezná Ruda;Zelezna Ruda;;--3----B;AA;0212;;4908N 01314E;
CZ;ZLV;Zidlochovice;Zidlochovice;;--3-----;RL;0701;;4902N 01638E;
CZ;ZIV;Zirovnice;Zirovnice;;--3-----;RL;0207;;4919N 01511E;
CZ;ZHR;Zlate Hory;Zlate Hory;;--3----B;AA;9701;;;
CZ;ZLN;Zlin;Zlin;;-234----;AA;9701;;;
CZ;ZMO;Znojmo;Znojmo;;-23-----;AA;9701;;;
CZ;ZRS;Zruc nad Sázavou;Zruc nad Sazavou;;--3-----;RL;0507;;4944N 01506E;
CZ;ZVE;Zverínek;Zverinek;;-23-----;RL;0701;;5009N 01500E;@Fun@Sta@Coo
